Rank,Release Group,Worldwide,Domestic,%,Foreign,%
1,Star Wars: Episode VIII - The Last Jedi,"$1,332,539,889","$620,181,382",46.5%,"$712,358,507",53.5%
2,Beauty and the Beast,"$1,263,521,126","$504,014,165",39.9%,"$759,506,961",60.1%
3,The Fate of the Furious,"$1,236,005,118","$226,008,385",18.3%,"$1,009,996,733",81.7%
4,Despicable Me 3,"$1,034,799,409","$264,624,300",25.6%,"$770,175,109",74.4%
5,Jumanji: Welcome to the Jungle,"$962,077,546","$404,515,480",42%,"$557,562,066",58%
6,Spider-Man: Homecoming,"$880,166,924","$334,201,140",38%,"$545,965,784",62%
7,Wolf Warrior 2,"$870,325,439","$2,721,100",0.3%,"$867,604,339",99.7%
8,Guardians of the Galaxy Vol. 2,"$863,756,051","$389,813,101",45.1%,"$473,942,950",54.9%
9,Thor: Ragnarok,"$853,977,126","$315,058,289",36.9%,"$538,918,837",63.1%
10,Wonder Woman,"$821,847,012","$412,563,408",50.2%,"$409,283,604",49.8%
11,Coco,"$807,816,196","$210,460,015",26.1%,"$597,356,181",73.9%
12,Pirates of the Caribbean: Dead Men Tell No Tales,"$794,861,794","$172,558,876",21.7%,"$622,302,918",78.3%
13,It,"$700,381,748","$327,481,748",46.8%,"$372,900,000",53.2%
14,Justice League,"$657,924,295","$229,024,295",34.8%,"$428,900,000",65.2%
15,Logan,"$619,021,436","$226,277,068",36.6%,"$392,744,368",63.4%
16,Transformers: The Last Knight,"$605,425,157","$130,168,683",21.5%,"$475,256,474",78.5%
17,Kong: Skull Island,"$566,652,812","$168,052,812",29.7%,"$398,600,000",70.3%
18,The Boss Baby,"$527,965,936","$175,003,033",33.1%,"$352,962,903",66.9%
19,Dunkirk,"$525,245,546","$188,045,546",35.8%,"$337,200,000",64.2%
20,War for the Planet of the Apes,"$490,719,763","$146,880,162",29.9%,"$343,839,601",70.1%
21,The Greatest Showman,"$434,993,183","$174,340,174",40.1%,"$260,653,009",59.9%
22,Kingsman: The Golden Circle,"$410,902,662","$100,234,838",24.4%,"$310,667,824",75.6%
23,The Mummy,"$409,231,607","$80,227,895",19.6%,"$329,003,712",80.4%
24,Cars 3,"$383,930,656","$152,901,115",39.8%,"$231,029,541",60.2%
25,Fifty Shades Darker,"$381,545,846","$114,581,250",30%,"$266,964,596",70%
26,Murder on the Orient Express,"$352,789,811","$102,826,543",29.1%,"$249,963,268",70.9%
27,xXx: Return of Xander Cage,"$346,118,277","$44,898,413",13%,"$301,219,864",87%
28,The Lego Batman Movie,"$311,950,384","$175,750,384",56.3%,"$136,200,000",43.7%
29,The Ex-File 3: The Return of The Exes,"$307,592,427","$838,959",0.3%,"$306,753,468",99.7%
30,Annabelle: Creation,"$306,515,884","$102,092,201",33.3%,"$204,423,683",66.7%
31,Wonder,"$305,937,718","$132,422,809",43.3%,"$173,514,909",56.7%
32,Ferdinand,"$296,069,199","$84,410,380",28.5%,"$211,658,819",71.5%
33,Split,"$278,454,358","$138,291,365",49.7%,"$140,162,993",50.3%
34,Blade Runner 2049,"$259,239,658","$92,054,159",35.5%,"$167,185,499",64.5%
35,Kung Fu Yoga,"$257,743,016","$362,657",0.1%,"$257,380,359",99.9%
36,Get Out,"$255,407,969","$176,040,665",68.9%,"$79,367,304",31.1%
37,Baahubali 2: The Conclusion,"$254,158,390","$20,186,659",7.9%,"$233,971,731",92.1%
38,Journey to the West: The Demons Strike Back,"$247,585,244","$880,346",0.4%,"$246,704,898",99.6%
39,Alien: Covenant,"$240,891,763","$74,262,031",30.8%,"$166,629,732",69.2%
40,Paddington 2,"$227,978,523","$40,891,591",17.9%,"$187,086,932",82.1%
41,Youth,"$227,091,290","$1,891,956",0.8%,"$225,199,334",99.2%
42,Baby Driver,"$226,945,087","$107,825,862",47.5%,"$119,119,225",52.5%
43,Valerian and the City of a Thousand Planets,"$225,874,228","$41,189,488",18.2%,"$184,684,740",81.8%
44,Geostorm,"$221,600,160","$33,700,160",15.2%,"$187,900,000",84.8%
45,The Emoji Movie,"$217,776,646","$86,089,513",39.5%,"$131,687,133",60.5%
46,A Dog's Purpose,"$205,035,819","$64,508,620",31.5%,"$140,527,199",68.5%
47,Smurfs: The Lost Village,"$197,183,546","$45,020,282",22.8%,"$152,163,264",77.2%
48,The Shape of Water,"$195,333,312","$63,859,435",32.7%,"$131,473,877",67.3%
49,Pitch Perfect 3,"$185,400,345","$104,897,530",56.6%,"$80,502,815",43.4%
50,Daddy's Home 2,"$180,613,180","$104,029,443",57.6%,"$76,583,737",42.4%
51,The Post,"$179,769,457","$81,903,458",45.6%,"$97,865,999",54.4%
52,Baywatch,"$177,856,751","$58,060,186",32.6%,"$119,796,565",67.4%
53,The Hitman's Bodyguard,"$176,586,701","$75,468,583",42.7%,"$101,118,118",57.3%
54,John Wick: Chapter 2,"$171,539,887","$92,029,184",53.6%,"$79,510,703",46.4%
55,Ghost in the Shell,"$169,801,921","$40,563,557",23.9%,"$129,238,364",76.1%
56,"Three Billboards Outside Ebbing, Missouri","$160,192,031","$54,513,740",34%,"$105,678,291",66%
57,Duckweed,"$152,894,264","$471,575",0.3%,"$152,422,689",99.7%
58,Darkest Hour,"$150,847,207","$56,468,410",37.4%,"$94,378,797",62.6%
59,King Arthur: Legend of the Sword,"$148,675,066","$39,175,066",26.3%,"$109,500,000",73.7%
60,The Foreigner,"$145,374,099","$34,393,507",23.7%,"$110,980,592",76.3%
61,Power Rangers,"$142,337,240","$85,364,450",60%,"$56,972,790",40%
62,Girls Trip,"$140,552,359","$115,171,585",81.9%,"$25,380,774",18.1%
63,American Made,"$134,866,593","$51,342,000",38.1%,"$83,524,593",61.9%
64,A Bad Moms Christmas,"$130,560,428","$72,110,659",55.2%,"$58,449,769",44.8%
65,Happy Death Day,"$125,479,266","$55,683,845",44.4%,"$69,795,421",55.6%
66,Captain Underpants: The First Epic Movie,"$125,427,681","$73,921,000",58.9%,"$51,506,681",41.1%
67,The Lego Ninjago Movie,"$123,081,555","$59,281,555",48.2%,"$63,800,000",51.8%
68,Secret Superstar,"$122,026,260",-,-,"$122,026,260",100%
69,The Commuter,"$119,942,387","$36,343,858",30.3%,"$83,598,529",69.7%
70,The Dark Tower,"$113,231,078","$50,701,325",44.8%,"$62,529,753",55.2%
71,Buddies in India,"$110,155,128","$293,194",0.3%,"$109,861,934",99.7%
72,Along With the Gods: The Two Worlds,"$109,383,972","$1,908,823",1.7%,"$107,475,149",98.3%
73,Jigsaw,"$102,952,888","$38,052,832",37%,"$64,900,056",63%
74,Life,"$100,541,806","$30,234,022",30.1%,"$70,307,784",69.9%
75,Atomic Blonde,"$100,014,025","$51,687,870",51.7%,"$48,326,155",48.3%
76,The Shack,"$96,942,115","$57,386,418",59.2%,"$39,555,697",40.8%
77,Chasing the Dragon,"$87,965,942","$456,854",0.5%,"$87,509,088",99.5%
78,Tiger Zinda Hai,"$87,320,000","$5,560,921",6.4%,"$81,759,079",93.6%
79,A Taxi Driver,"$86,252,940","$1,527,829",1.8%,"$84,725,111",98.2%
80,Going in Style,"$84,918,541","$45,018,541",53%,"$39,900,000",47%
81,Rings,"$83,080,890","$27,793,018",33.5%,"$55,287,872",66.5%
82,Once Upon A Time,"$82,886,178","$485,728",0.6%,"$82,400,450",99.4%
83,Lady Bird,"$78,965,611","$48,958,273",62%,"$30,007,338",38%
84,The Nut Job 2: Nutty by Nature,"$68,743,485","$28,370,522",41.3%,"$40,372,963",58.7%
85,American Assassin,"$67,234,188","$36,249,674",53.9%,"$30,984,514",46.1%
86,Victoria & Abdul,"$66,558,465","$22,245,070",33.4%,"$44,313,395",66.6%
87,The Mountain Between Us,"$62,832,209","$30,348,555",48.3%,"$32,483,654",51.7%
88,The Star,"$62,812,974","$40,852,824",65%,"$21,960,150",35%
89,How to Be a Latin Lover,"$62,547,032","$32,149,404",51.4%,"$30,397,628",48.6%
90,47 Meters Down,"$62,187,529","$44,307,191",71.2%,"$17,880,338",28.8%
91,"Everything, Everything","$61,621,140","$34,121,140",55.4%,"$27,500,000",44.6%
92,Snatched,"$60,845,711","$45,852,178",75.4%,"$14,993,533",24.6%
93,My Little Pony: The Movie,"$60,330,833","$21,885,107",36.3%,"$38,445,726",63.7%
94,Molly's Game,"$59,284,015","$28,780,744",48.5%,"$30,503,271",51.5%
95,The Devotion of Suspect X,"$59,035,664","$686,435",1.2%,"$58,349,229",98.8%
96,Shock Wave,"$58,815,633",-,-,"$58,815,633",100%
97,Goldbuster,"$57,628,292","$186,135",0.3%,"$57,442,157",99.7%
98,All the Money in the World,"$56,996,304","$25,113,707",44.1%,"$31,882,597",55.9%
99,The Big Sick,"$56,411,585","$42,873,127",76%,"$13,538,458",24%
100,Confidential Assignment,"$55,972,241","$475,618",0.8%,"$55,496,623",99.2%
101,All Eyez on Me,"$55,668,698","$44,922,302",80.7%,"$10,746,396",19.3%
102,Downsizing,"$55,003,890","$24,449,754",44.5%,"$30,554,136",55.5%
103,"I, Tonya","$53,939,297","$30,014,539",55.6%,"$23,924,758",44.4%
104,Logan Lucky,"$48,453,605","$27,780,977",57.3%,"$20,672,628",42.7%
105,Boo 2! A Madea Halloween,"$48,333,932","$47,319,572",97.9%,"$1,014,360",2.1%
106,Phantom Thread,"$47,756,590","$21,198,205",44.4%,"$26,558,385",55.6%
107,Rough Night,"$47,347,283","$22,105,643",46.7%,"$25,241,640",53.3%
108,Son of Bigfoot,"$47,046,281","$289,308",0.6%,"$46,756,973",99.4%
109,The Thousand Faces of Dunjia,"$46,263,237","$124,187",0.3%,"$46,139,050",99.7%
110,The Battleship Island,"$46,183,383","$1,104,957",2.4%,"$45,078,426",97.6%
111,Flatliners,"$45,158,254","$16,883,115",37.4%,"$28,275,139",62.6%
112,Mother!,"$44,516,999","$17,800,004",40%,"$26,716,995",60%
113,Wind River,"$43,980,821","$33,800,859",76.9%,"$10,179,962",23.1%
114,Battle of Memories,"$43,892,362","$594,552",1.4%,"$43,297,810",98.6%
115,The Snowman,"$43,155,261","$6,700,035",15.5%,"$36,455,226",84.5%
116,Gifted,"$43,046,590","$24,801,212",57.6%,"$18,245,378",42.4%
117,Loving Vincent,"$42,187,665","$6,735,118",16%,"$35,452,547",84%
118,Mary and the Witch's Flower,"$41,978,431","$2,418,404",5.8%,"$39,560,027",94.2%
119,Call Me by Your Name,"$41,887,595","$18,095,701",43.2%,"$23,791,894",56.8%
120,T2 Trainspotting,"$41,681,746","$2,402,004",5.8%,"$39,279,742",94.2%
121,Fist Fight,"$41,087,017","$32,187,017",78.3%,"$8,900,000",21.7%
122,The Circle,"$40,656,399","$20,497,844",50.4%,"$20,158,555",49.6%
123,Diary of a Wimpy Kid: The Long Haul,"$40,140,972","$20,738,724",51.7%,"$19,402,248",48.3%
124,Brotherhood of Blades 2,"$39,966,092","$14,204",<0.1%,"$39,951,888",100%
125,Pokémon the Movie: I Choose You!,"$37,552,144","$2,401,722",6.4%,"$35,150,422",93.6%
126,Home Again,"$37,270,721","$27,020,284",72.5%,"$10,250,437",27.5%
127,The Adventurers,"$36,796,816","$216,556",0.6%,"$36,580,260",99.4%
128,Tad the Lost Explorer and the Secret of King Midas,"$35,704,046","$5,874",<0.1%,"$35,698,172",100%
129,Hostiles,"$35,669,017","$29,819,114",83.6%,"$5,849,903",16.4%
130,Namiya,"$35,351,623","$70,814",0.2%,"$35,280,809",99.8%
131,Kidnap,"$34,814,102","$30,971,040",89%,"$3,843,062",11%
132,The House,"$34,184,504","$25,584,504",74.8%,"$8,600,000",25.2%
133,I Want to Eat Your Pancreas,"$33,748,006","$277,019",0.8%,"$33,470,987",99.2%
134,Perfect Strangers,"$33,262,366","$1,014,507",3.1%,"$32,247,859",96.9%
135,Sleepless,"$32,917,353","$20,783,704",63.1%,"$12,133,649",36.9%
136,This Is Not What I Expected,"$30,996,615","$337,670",1.1%,"$30,658,945",98.9%
137,Reset 2017 Re-release,"$29,949,252","$108,970",0.4%,"$29,840,282",99.6%
138,The Bye Bye Man,"$29,874,280","$22,395,806",75%,"$7,478,474",25%
139,The Disaster Artist,"$29,820,616","$21,120,616",70.8%,"$8,700,000",29.2%
140,The Swindlers,"$29,721,916","$241,916",0.8%,"$29,480,000",99.2%
141,Sword Art Online The Movie: Ordinal Scale,"$29,322,339","$1,522,976",5.2%,"$27,799,363",94.8%
142,Twins 2,"$28,733,523","$1,431,255",5%,"$27,302,268",95%
143,The Fortress,"$28,645,448","$252,895",0.9%,"$28,392,553",99.1%
144,Monster Family,"$27,890,108","$127,259",0.5%,"$27,762,849",99.5%
145,The Beguiled,"$27,869,129","$10,709,995",38.4%,"$17,159,134",61.6%
146,Chips,"$26,800,152","$18,600,152",69.4%,"$8,200,000",30.6%
147,A Cure for Wellness,"$26,620,002","$8,106,986",30.5%,"$18,513,016",69.5%
148,Only the Brave,"$26,351,322","$18,343,983",69.6%,"$8,007,339",30.4%
149,Twenty Two,"$26,289,378","$46,796",0.2%,"$26,242,582",99.8%
150,The Zookeeper's Wife,"$26,152,835","$17,571,660",67.2%,"$8,581,175",32.8%
151,Badrinath Ki Dulhania,"$26,134,309","$1,993,259",7.6%,"$24,141,050",92.4%
152,Fireworks,"$25,672,406","$525,280",2%,"$25,147,126",98%
153,Father Figures,"$25,601,244","$17,501,244",68.4%,"$8,100,000",31.6%
154,The Death of Stalin,"$24,646,055","$8,047,856",32.7%,"$16,598,199",67.3%
155,Jolly LLB 2,"$24,214,186","$1,654,254",6.8%,"$22,559,932",93.2%
156,I Can Speak,"$24,024,444","$63,239",0.3%,"$23,961,205",99.7%
157,Wish Upon,"$23,468,586","$14,301,505",60.9%,"$9,167,081",39.1%
158,Detroit,"$23,355,100","$16,790,139",71.9%,"$6,564,961",28.1%
159,Extraordinary Mission,"$22,757,764","$54,174",0.2%,"$22,703,590",99.8%
160,The Glass Castle,"$22,088,533","$17,273,059",78.2%,"$4,815,474",21.8%
161,Leap! 2017 Re-release,"$21,929,861","$21,858,070",99.7%,"$71,791",0.3%
162,The Prison,"$21,205,329","$207,481",1%,"$20,997,848",99%
163,It Comes at Night,"$19,735,344","$13,985,117",70.9%,"$5,750,227",29.1%
164,The Lost City of Z,"$19,263,938","$8,580,410",44.5%,"$10,683,528",55.5%
165,Memoir of a Murderer,"$19,015,346","$91,335",0.5%,"$18,924,011",99.5%
166,Battle of the Sexes,"$18,598,607","$12,638,526",68%,"$5,960,081",32%
167,Fabricated City,"$18,307,490","$104,874",0.6%,"$18,202,616",99.4%
168,The Case for Christ,"$18,175,663","$14,682,684",80.8%,"$3,492,979",19.2%
169,Unforgettable,"$17,768,012","$11,368,012",64%,"$6,400,000",36%
170,Toilet: A Love Story,"$17,567,417","$1,830,715",10.4%,"$15,736,702",89.6%
171,Fate/Stay Night: Heaven's Feel - I. Presage Flower,"$17,422,935","$193,833",1.1%,"$17,229,102",98.9%
172,Legend of the Naga Pearls,"$17,274,695","$13,588",<0.1%,"$17,261,107",99.9%
173,Before I Fall,"$16,373,843","$12,241,122",74.8%,"$4,132,721",25.2%
174,The Space Between Us,"$16,080,475","$7,885,294",49%,"$8,195,181",51%
175,Wonder Wheel,"$15,889,124","$1,404,061",8.8%,"$14,485,063",91.2%
176,When Harry Met Sejal,"$15,360,368","$1,664,648",10.8%,"$13,695,720",89.2%
177,Gold,"$14,880,939","$7,227,038",48.6%,"$7,653,901",51.4%
178,School of Life,"$14,880,497","$6,300",<0.1%,"$14,874,197",100%
179,Megan Leavey,"$14,510,490","$13,406,883",92.4%,"$1,103,607",7.6%
180,Tall Tales from the Magical Garden of Antoon Krings,"$14,340,726",$220,<0.1%,"$14,340,506",100%
181,Do It Like An Hombre,"$13,610,252","$2,534,252",18.6%,"$11,076,000",81.4%
182,The Third Murder,"$13,411,936","$89,315",0.7%,"$13,322,621",99.3%
183,Our President,"$13,392,049","$507,268",3.8%,"$12,884,781",96.2%
184,Paris Can Wait,"$13,203,541","$5,617,731",42.5%,"$7,585,810",57.5%
185,"Roman J. Israel, Esq.","$13,025,860","$11,962,778",91.8%,"$1,063,082",8.2%
186,Mubarakan,"$12,899,968","$758,868",5.9%,"$12,141,100",94.1%
187,Earth: One Amazing Day,"$12,851,540","$81,345",0.6%,"$12,770,195",99.4%
188,Suburbicon,"$12,751,667","$5,775,178",45.3%,"$6,976,489",54.7%
189,Their Finest,"$12,597,262","$3,603,484",28.6%,"$8,993,778",71.4%
190,The Promise,"$12,448,676","$8,224,288",66.1%,"$4,224,388",33.9%
191,Marrowbone,"$12,294,931","$1,377",<0.1%,"$12,293,554",100%
192,The Bookshop,"$12,055,868","$1,588,150",13.2%,"$10,467,718",86.8%
193,Viceroy's House,"$11,868,221","$1,105,717",9.3%,"$10,762,504",90.7%
194,Back to Burgundy,"$11,625,884","$257,610",2.2%,"$11,368,274",97.8%
195,The King's Case Note,"$11,383,493","$90,959",0.8%,"$11,292,534",99.2%
196,The Belko Experiment,"$11,084,630","$10,166,820",91.7%,"$917,810",8.3%
197,The Florida Project,"$10,971,298","$5,904,366",53.8%,"$5,066,932",46.2%
198,A Bag of Marbles,"$10,898,998","$411,318",3.8%,"$10,487,680",96.2%
199,The Leisure Seeker,"$10,472,180","$3,226,443",30.8%,"$7,245,737",69.2%
200,Furious,"$10,433,259","$9,996",<0.1%,"$10,423,263",99.9%
201,Marshall,"$10,116,816","$10,051,659",99.4%,"$65,157",0.6%
202,Thank You for Your Service,"$9,995,692","$9,536,300",95.4%,"$459,392",4.6%
203,Maudie,"$9,733,932","$6,170,998",63.4%,"$3,562,934",36.6%
204,Overdrive,"$9,650,552","$7,793",<0.1%,"$9,642,759",99.9%
205,God of War,"$9,559,524","$53,000",0.6%,"$9,506,524",99.4%
206,The Square,"$9,493,791","$1,502,347",15.8%,"$7,991,444",84.2%
207,Our Time Will Come,"$9,484,714","$114,560",1.2%,"$9,370,154",98.8%
208,The Mayor 2017 Re-release,"$9,476,194","$96,777",1%,"$9,379,417",99%
209,The Big Bad Fox and Other Tales,"$9,399,067","$35,787",0.4%,"$9,363,280",99.6%
210,You Were Never Really Here,"$9,360,514","$2,528,078",27%,"$6,832,436",73%
211,Tulip Fever,"$9,204,549","$2,455,635",26.7%,"$6,748,914",73.3%
212,My Cousin Rachel,"$9,200,168","$2,716,368",29.5%,"$6,483,800",70.5%
213,City Of Rock,"$9,118,873","$312,537",3.4%,"$8,806,336",96.6%
214,Bluebeard,"$8,855,737","$43,144",0.5%,"$8,812,593",99.5%
215,The Villainess,"$8,737,458","$27,741",0.3%,"$8,709,717",99.7%
216,Stronger,"$8,503,658","$4,211,129",49.5%,"$4,292,529",50.5%
217,Amityville: The Awakening,"$8,481,997",$742,<0.1%,"$8,481,255",100%
218,Condorito: The Movie,"$8,431,194","$447,719",5.3%,"$7,983,475",94.7%
219,Raees,"$8,428,190","$3,262,954",38.7%,"$5,165,236",61.3%
220,I Am Not Your Negro,"$8,345,298","$7,123,919",85.4%,"$1,221,379",14.6%
221,The Man Who Invented Christmas,"$8,096,007","$5,676,486",70.1%,"$2,419,521",29.9%
222,3 idiotas,"$7,738,470","$1,249,233",16.1%,"$6,489,237",83.9%
223,Explosion,"$7,731,410","$122,700",1.6%,"$7,608,710",98.4%
224,BPM (Beats Per Minute),"$7,704,369","$125,189",1.6%,"$7,579,180",98.4%
225,Just Getting Started,"$7,634,022","$6,069,605",79.5%,"$1,564,417",20.5%
226,Beatriz at Dinner,"$7,425,391","$7,115,854",95.8%,"$309,537",4.2%
227,Goodbye Christopher Robin,"$7,401,949","$1,735,251",23.4%,"$5,666,698",76.6%
228,The Midwife,"$7,286,136","$603,582",8.3%,"$6,682,554",91.7%
229,Let There Be Light,"$7,233,471","$7,233,471",100%,-,-
230,Birth of the Dragon,"$7,215,027","$6,901,965",95.7%,"$313,062",4.3%
231,Blade of the Immortal,"$7,162,617","$150,532",2.1%,"$7,012,085",97.9%
232,The Killing of a Sacred Deer,"$7,027,336","$2,291,901",32.6%,"$4,735,435",67.4%
233,Churchill,"$6,724,365","$1,281,258",19.1%,"$5,443,107",80.9%
234,Everybody Loves Somebody,"$6,481,798","$1,915,789",29.6%,"$4,566,009",70.4%
235,Same Kind of Different as Me,"$6,423,605","$6,423,605",100%,-,-
236,Hampstead,"$6,335,171","$144,396",2.3%,"$6,190,775",97.7%
237,Lowriders,"$6,312,033","$6,303,560",99.9%,"$8,473",0.1%
238,Norman,"$6,217,567","$3,814,868",61.4%,"$2,402,699",38.6%
239,All Saints,"$5,942,565","$5,802,208",97.6%,"$140,357",2.4%
240,Phillauri,"$5,805,030","$467,596",8.1%,"$5,337,434",91.9%
241,Dalida,"$5,623,134","$3,465",<0.1%,"$5,619,669",99.9%
242,The Party,"$5,597,950","$749,827",13.4%,"$4,848,123",86.6%
243,Warriors of the Dawn,"$5,497,176","$84,532",1.5%,"$5,412,644",98.5%
244,OK Jaanu,"$5,445,281","$355,922",6.5%,"$5,089,359",93.5%
245,An Inconvenient Sequel: Truth to Power,"$5,433,926","$3,496,795",64.4%,"$1,937,131",35.6%
246,Lady Macbeth,"$5,401,447","$1,129,408",20.9%,"$4,272,039",79.1%
247,Madame,"$5,381,950","$90,979",1.7%,"$5,290,971",98.3%
248,In the Fade,"$5,104,991","$321,011",6.3%,"$4,783,980",93.7%
249,The Sense of an Ending,"$5,081,495","$1,274,420",25.1%,"$3,807,075",74.9%
250,Table 19,"$5,042,014","$3,614,896",71.7%,"$1,427,118",28.3%
251,Kedi,"$5,037,923","$2,835,047",56.3%,"$2,202,876",43.7%
252,Breathe,"$5,026,154","$490,131",9.8%,"$4,536,023",90.2%
253,Double Lover,"$5,012,423","$167,581",3.3%,"$4,844,842",96.7%
254,The Young Karl Marx,"$4,870,373","$125,659",2.6%,"$4,744,714",97.4%
255,Mazinger Z: INFINITY,"$4,812,371","$220,682",4.6%,"$4,591,689",95.4%
256,Unlocked,"$4,699,125",-,-,"$4,699,125",100%
257,Tubelight,"$4,650,456","$930,058",20%,"$3,720,398",80%
258,The Book of Henry,"$4,596,705","$4,504,974",98%,"$91,731",2%
259,Colossal,"$4,531,320","$3,029,287",66.9%,"$1,502,033",33.1%
260,The Wall,"$4,476,705","$1,803,064",40.3%,"$2,673,641",59.7%
261,In Harm's Way,"$4,447,734",-,-,"$4,447,734",100%
262,Mark Felt: The Man Who Brought Down the White House,"$4,372,130","$768,946",17.6%,"$3,603,184",82.4%
263,The Other Side of Hope,"$4,282,973","$183,943",4.3%,"$4,099,030",95.7%
264,Let the Sunshine In,"$4,192,590","$892,421",21.3%,"$3,300,169",78.7%
265,The Guardians,"$4,167,608","$177,331",4.3%,"$3,990,277",95.7%
266,The Hero,"$4,101,699","$4,077,333",99.4%,"$24,366",0.6%
267,Film Stars Don't Die in Liverpool,"$4,047,917","$1,026,124",25.3%,"$3,021,793",74.7%
268,Jeepers Creepers III,"$4,017,852","$2,335,162",58.1%,"$1,682,690",41.9%
269,Faces Places,"$3,996,577","$953,717",23.9%,"$3,042,860",76.1%
270,Sleight,"$3,989,705","$3,986,245",99.9%,"$3,460",<0.1%
271,The Nile Hilton Incident,"$3,979,536","$81,089",2%,"$3,898,447",98%
272,2:22,"$3,945,729",$422,<0.1%,"$3,945,307",100%
273,Terminator 2: Judgment Day 2017 Re-release,"$3,931,111","$1,037,809",26.4%,"$2,893,302",73.6%
274,Loveless,"$3,925,992","$566,356",14.4%,"$3,359,636",85.6%
275,"The Night Is Short, Walk on Girl","$3,878,208","$406,490",10.5%,"$3,471,718",89.5%
276,Django,"$3,876,874","$56,556",1.5%,"$3,820,318",98.5%
277,Brad's Status,"$3,816,527","$2,133,158",55.9%,"$1,683,369",44.1%
278,Free Fire,"$3,719,383","$1,799,312",48.4%,"$1,920,071",51.6%
279,A Fantastic Woman,"$3,702,353","$2,020,988",54.6%,"$1,681,365",45.4%
280,Crooked House,"$3,625,952",-,-,"$3,625,952",100%
281,The Insult,"$3,601,603","$1,001,305",27.8%,"$2,600,298",72.2%
282,Phoenix Forgotten,"$3,600,146","$3,600,146",100%,-,-
283,Heart Blackened,"$3,593,480","$37,047",1%,"$3,556,433",99%
284,Til Death Do Us Part,"$3,455,267","$3,455,267",100%,-,-
285,A Gentleman,"$3,438,746","$410,055",11.9%,"$3,028,691",88.1%
286,Borg vs. McEnroe,"$3,430,165","$231,346",6.7%,"$3,198,819",93.3%
287,Gauguin: Voyage to Tahiti,"$3,389,322","$200,140",5.9%,"$3,189,182",94.1%
288,Wonderstruck,"$3,285,916","$1,060,377",32.3%,"$2,225,539",67.7%
289,Good Time,"$3,283,369","$2,026,499",61.7%,"$1,256,870",38.3%
290,Showtime Championship Boxing: Floyd Mayweather vs. Conor McGregor,"$3,184,384","$2,620,183",82.3%,"$564,201",17.7%
291,Ingrid Goes West,"$3,146,831","$3,024,308",96.1%,"$122,523",3.9%
292,Close Encounters of the Third Kind 2017 Re-release,"$3,101,507","$3,100,479",100%,"$1,028",<0.1%
293,Raw,"$3,096,815","$514,870",16.6%,"$2,581,945",83.4%
294,Ismael's Ghosts,"$3,075,562","$102,510",3.3%,"$2,973,052",96.7%
295,The Last Word,"$2,982,004","$1,783,421",59.8%,"$1,198,583",40.2%
296,The Oscar Nominated Short Films 2017: Live Action,"$2,877,797","$2,835,355",98.5%,"$42,442",1.5%
297,Maria By Callas,"$2,869,237","$1,267,301",44.2%,"$1,601,936",55.8%
298,Inhumans,"$2,852,282","$1,521,787",53.4%,"$1,330,495",46.6%
299,Lucky,"$2,728,446","$955,925",35%,"$1,772,521",65%
300,Gangsterdam,"$2,697,522",$954,<0.1%,"$2,696,568",100%
301,Beautiful Accident,"$2,632,092","$51,766",2%,"$2,580,326",98%
302,Happy End,"$2,610,794","$301,718",11.6%,"$2,309,076",88.4%
303,Poster Boys,"$2,602,256","$97,049",3.7%,"$2,505,207",96.3%
304,A Question of Faith,"$2,587,072","$2,587,072",100%,-,-
305,Is Genesis History?,"$2,570,392","$2,570,392",100%,-,-
306,God's Own Country,"$2,559,939","$335,609",13.1%,"$2,224,330",86.9%
307,The Only Living Boy in New York,"$2,550,321","$624,332",24.5%,"$1,925,989",75.5%
308,Disney's Newsies: The Broadway Musical!,"$2,545,060","$2,545,060",100%,-,-
309,The Dinner,"$2,544,921","$1,323,312",52%,"$1,221,609",48%
310,IN OUR HANDS: Battle for Jerusalem,"$2,534,370","$2,534,370",100%,-,-
311,Ittefaq,"$2,520,487","$298,032",11.8%,"$2,222,455",88.2%
312,LBJ,"$2,510,151","$2,470,979",98.4%,"$39,172",1.6%
313,Rodin,"$2,413,672","$44,261",1.8%,"$2,369,411",98.2%
314,The Resurrection of Gavin Stone,"$2,308,355","$2,303,792",99.8%,"$4,563",0.2%
315,RV: Resurrected Victims,"$2,269,892","$20,374",0.9%,"$2,249,518",99.1%
316,The Lovers,"$2,216,083","$2,194,521",99%,"$21,562",1%
317,What Will People Say,"$2,191,131","$44,156",2%,"$2,146,975",98%
318,Let Yourself Go,"$2,140,190","$12,189",0.6%,"$2,128,001",99.4%
319,Mountain,"$2,129,889","$365,412",17.2%,"$1,764,477",82.8%
320,Abracadabra,"$2,114,260","$13,975",0.7%,"$2,100,285",99.3%
321,Lost in Paris,"$2,087,225","$691,597",33.1%,"$1,395,628",66.9%
322,Hotchpotch Again,"$2,057,329","$1,013,893",49.3%,"$1,043,436",50.7%
323,The Trip to Spain,"$1,988,841","$1,157,604",58.2%,"$831,237",41.8%
324,Summer 1993,"$1,983,149","$185,903",9.4%,"$1,797,246",90.6%
325,Menashe,"$1,962,265","$1,703,036",86.8%,"$259,229",13.2%
326,A Ghost Story,"$1,951,683","$1,596,371",81.8%,"$355,312",18.2%
327,Marie Curie: The Courage of Knowledge,"$1,944,392","$127,986",6.6%,"$1,816,406",93.4%
328,Jane,"$1,921,221","$1,723,379",89.7%,"$197,842",10.3%
329,Professor Marston & the Wonder Women,"$1,899,615","$1,584,759",83.4%,"$314,856",16.6%
330,Last Flag Flying,"$1,872,950","$965,481",51.5%,"$907,469",48.5%
331,Human Flow,"$1,824,537","$527,845",28.9%,"$1,296,692",71.1%
332,Song to Song,"$1,778,021","$443,684",25%,"$1,334,337",75%
333,Tom of Finland,"$1,776,931","$378,296",21.3%,"$1,398,635",78.7%
334,Dunkirk 2017 Re-release,"$1,695,119","$1,695,119",100%,-,-
335,Slamma Jamma,"$1,687,000","$1,687,000",100%,-,-
336,Final Portrait,"$1,677,835","$461,972",27.5%,"$1,215,863",72.5%
337,The Little Hours,"$1,647,175","$1,647,175",100%,-,-
338,A Family Man,"$1,641,235",-,-,"$1,641,235",100%
339,Walk With Me,"$1,606,705","$726,726",45.2%,"$879,979",54.8%
340,Dance Academy: The Movie,"$1,586,858",-,-,"$1,586,858",100%
341,The Stray,"$1,579,440","$1,579,440",100%,-,-
342,Genesis: Paradise Lost,"$1,575,000","$1,575,000",100%,-,-
343,Gold,"$1,528,185","$5,539",0.4%,"$1,522,646",99.6%
344,Mully,"$1,489,771","$1,489,771",100%,-,-
345,Patti Cake$,"$1,482,356","$800,148",54%,"$682,208",46%
346,Thelma,"$1,463,727","$147,391",10.1%,"$1,316,336",89.9%
347,My Friend Dahmer,"$1,436,751","$1,361,611",94.8%,"$75,140",5.2%
348,Fairy Tail: Dragon Cry,"$1,420,035","$519,461",36.6%,"$900,574",63.4%
349,Godard Mon Amour,"$1,332,204","$82,264",6.2%,"$1,249,940",93.8%
350,The Room 2017 Re-release,"$1,301,103","$549,602",42.2%,"$751,501",57.8%
351,The Women's Balcony,"$1,272,517","$1,200,885",94.4%,"$71,632",5.6%
352,Chonda Pierce: Enough,"$1,260,116","$1,260,116",100%,-,-
353,Slumber,"$1,243,832",-,-,"$1,243,832",100%
354,1945,"$1,240,663","$1,006,193",81.1%,"$234,470",18.9%
355,True to the Game,"$1,231,040","$1,231,040",100%,-,-
356,Steve McQueen: American Icon,"$1,229,782","$1,229,782",100%,-,-
357,Spirited Away 2017 Re-release,"$1,196,791","$1,196,791",100%,-,-
358,Shubh Mangal Savdhan,"$1,188,541","$689,874",58%,"$498,667",42%
359,Napping Princess,"$1,156,847","$48,198",4.2%,"$1,108,649",95.8%
360,Detective Jagga,"$1,154,862","$861,740",74.6%,"$293,122",25.4%
361,Step,"$1,152,839","$1,146,292",99.4%,"$6,547",0.6%
362,Fathom Premieres 6 Below: Miracle on the Mountain,"$1,135,531","$14,838",1.3%,"$1,120,693",98.7%
363,Columbus,"$1,093,077","$1,017,107",93%,"$75,970",7%
364,Bombshell: The Hedy Lamarr Story,"$1,092,277","$820,300",75.1%,"$271,977",24.9%
365,Spark: A Space Tail,"$1,040,689","$196,458",18.9%,"$844,231",81.1%
366,Casablanca 2017 Re-release,"$1,024,560","$1,024,560",100%,-,-
367,Ghost House,"$1,004,155",-,-,"$1,004,155",100%
368,The Workshop,"$1,000,056","$22,061",2.2%,"$977,995",97.8%
369,Beyond Skyline,"$992,181",-,-,"$992,181",100%
370,Under the Tree,"$944,991","$67,596",7.2%,"$877,395",92.8%
371,Rebel in the Rye,"$944,370","$378,294",40.1%,"$566,076",59.9%
372,Afterimage,"$943,029","$33,443",3.5%,"$909,586",96.5%
373,Landline,"$940,854","$940,854",100%,-,-
374,Paradise,"$921,242","$14,873",1.6%,"$906,369",98.4%
375,Bitter Harvest,"$904,399","$557,241",61.6%,"$347,158",38.4%
376,The Polar Express 2017 IMAX Release,"$875,150","$875,150",100%,-,-
377,Wilson,"$848,646","$653,951",77.1%,"$194,695",22.9%
378,The Exception,"$834,572","$708,973",85%,"$125,599",15%
379,Inside,"$824,414",-,-,"$824,414",100%
380,Wakefield,"$798,214","$262,599",32.9%,"$535,615",67.1%
381,George Takei's Allegiance,"$784,850","$784,850",100%,-,-
382,The Paris Opera,"$781,039","$55,482",7.1%,"$725,557",92.9%
383,The Shining 2017 Re-release,"$760,309","$421,572",55.4%,"$338,737",44.6%
384,Tommy's Honour,"$751,345","$569,306",75.8%,"$182,039",24.2%
385,May It Last,"$725,286","$725,286",100%,-,-
386,12 Days,"$722,049","$5,204",0.7%,"$716,845",99.3%
387,Revive Us 2,"$718,607","$718,607",100%,-,-
388,Countdown to Canelo vs. Golovkin,"$703,396","$703,396",100%,-,-
389,Buena Vista Social Club: Adios,"$701,575","$123,445",17.6%,"$578,130",82.4%
390,The Secret Scripture,"$694,981",-,-,"$694,981",100%
391,Chris Brown: Welcome To My Life,"$693,984","$693,984",100%,-,-
392,Titanic 2017 Re-release,"$693,626","$691,642",99.7%,"$1,984",0.3%
393,Brigsby Bear,"$681,632","$532,669",78.1%,"$148,963",21.9%
394,All I See Is You,"$678,150","$217,644",32.1%,"$460,506",67.9%
395,Whisky Galore,"$653,866","$20,991",3.2%,"$632,875",96.8%
396,The Black Prince,"$632,823",-,-,"$632,823",100%
397,Grace Jones: Bloodlight and Bami,"$632,394","$375,208",59.3%,"$257,186",40.7%
398,Jonah: The Musical,"$631,154","$631,154",100%,-,-
399,The Last Suit,"$608,209","$73,548",12.1%,"$534,661",87.9%
400,Neither Wolf Nor Dog,"$606,511","$606,511",100%,-,-
401,Novitiate,"$580,346","$580,346",100%,-,-
402,Bedeviled,"$579,942",-,-,"$579,942",100%
403,Samaritan's Purse presents Facing Darkness,"$555,533","$555,533",100%,-,-
404,Dolores,"$555,309","$555,309",100%,-,-
405,Trespass Against Us,"$517,197","$5,711",1.1%,"$511,486",98.9%
406,Black Butler: Book of the Atlantic,"$511,132","$248,286",48.6%,"$262,846",51.4%
407,Una,"$508,169","$22,815",4.5%,"$485,354",95.5%
408,Gabriel and the Mountain,"$505,769","$18,415",3.6%,"$487,354",96.4%
409,Letters From Baghdad,"$502,941","$359,735",71.5%,"$143,206",28.5%
410,Chuck,"$502,518","$320,725",63.8%,"$181,793",36.2%
411,Soul on a String,"$491,294","$3,669",0.7%,"$487,625",99.3%
412,Zama,"$489,692","$200,600",41%,"$289,092",59%
413,Beach Rats,"$486,623","$473,771",97.4%,"$12,852",2.6%
414,The Journey,"$482,209","$155,475",32.2%,"$326,734",67.8%
415,DCI 2017 Tour Premeire,"$467,817","$467,817",100%,-,-
416,Eric Clapton: A Life in 12 Bars,"$459,088",-,-,"$459,088",100%
417,Sailor Moon R: The Movie: The Promise of the Rose,"$452,053","$452,053",100%,-,-
418,Perfect Blue 2017 Re-release,"$450,594","$446,062",99%,"$4,532",1%
419,Pearl Jam: Let's Play Two,"$450,273","$348,833",77.5%,"$101,440",22.5%
420,Before We Vanish,"$448,829","$52,087",11.6%,"$396,742",88.4%
421,On the Beach at Night Alone,"$429,159","$37,489",8.7%,"$391,670",91.3%
422,Manifesto,"$416,389","$161,101",38.7%,"$255,288",61.3%
423,The Ottoman Lieutenant,"$413,844","$240,978",58.2%,"$172,866",41.8%
424,"Love, Kennedy","$407,871","$407,871",100%,-,-
425,Chasing Trane: The John Coltrane Documentary,"$406,284","$406,284",100%,-,-
426,Racer and the Jailbird,"$400,026","$46,337",11.6%,"$353,689",88.4%
427,Berlin Syndrome,"$397,783","$28,660",7.2%,"$369,123",92.8%
428,Samurai Cop,"$384,756","$384,756",100%,-,-
429,Digimon Adventure tri. Part 5: Coexistence,"$382,119","$52,339",13.7%,"$329,780",86.3%
430,I'll Push You: A Real-Life Inspiration,"$378,899","$378,899",100%,-,-
431,Eloise,"$372,137",-,-,"$372,137",100%
432,The Void,"$368,372","$151,042",41%,"$217,330",59%
433,BOSTON: An American Running Story,"$364,369","$364,369",100%,-,-
434,The Breadwinner,"$363,307","$312,381",86%,"$50,926",14%
435,Disney Junior HalloVeen Party!,"$359,745","$359,745",100%,-,-
436,Government 3,"$358,928","$249,588",69.5%,"$109,340",30.5%
437,Long Strange Trip - The Untold Story of The Grateful Dead,"$351,957","$351,957",100%,-,-
438,Tehran Taboo,"$349,886","$74,758",21.4%,"$275,128",78.6%
439,The Vault,"$346,729","$5,728",1.7%,"$341,001",98.3%
440,Countdown to Canelo vs. Chavez Jr.,"$343,387","$343,387",100%,-,-
441,Don't Hang Up,"$332,571",-,-,"$332,571",100%
442,Citizen Jane: Battle for the City,"$323,124","$313,411",97%,"$9,713",3%
443,6 Days,"$316,946",-,-,"$316,946",100%
444,Obit.,"$315,049","$315,049",100%,-,-
445,David Lynch: The Art Life,"$311,470","$171,419",55%,"$140,051",45%
446,I Do... Until I Don't,"$280,668","$280,668",100%,-,-
447,"Lou Andreas-Salomé, The Audacity to be Free","$278,982","$12,875",4.6%,"$266,107",95.4%
448,Chavela,"$272,842","$148,666",54.5%,"$124,176",45.5%
449,Stalker,"$269,881","$269,881",100%,-,-
450,Meri Pyaari Bindu,"$268,067",-,-,"$268,067",100%
451,Félicité,"$265,495","$12,433",4.7%,"$253,062",95.3%
452,Half Girlfriend,"$261,597",-,-,"$261,597",100%
453,Dean,"$254,536","$254,536",100%,-,-
454,Gook,"$251,541","$250,130",99.4%,"$1,411",0.6%
455,Band Aid,"$248,370","$248,370",100%,-,-
456,Crown Heights,"$238,558","$238,558",100%,-,-
457,American Satan,"$237,708","$237,708",100%,-,-
458,Little Shop of Horrors 2017 Re-release,"$233,865","$233,865",100%,-,-
459,City of Ghosts,"$228,225","$128,015",56.1%,"$100,210",43.9%
460,Jeremiah Tower: The Last Magnificent,"$228,153","$228,153",100%,-,-
461,Rumble: The Indians Who Rocked The World,"$226,006","$226,006",100%,-,-
462,Take Every Wave: The Life of Laird Hamilton,"$223,301","$176,076",78.9%,"$47,225",21.1%
463,California Typewriter,"$218,563","$218,563",100%,-,-
464,Risk,"$214,669","$200,219",93.3%,"$14,450",6.7%
465,Marjorie Prime,"$213,858","$180,608",84.5%,"$33,250",15.5%
466,The Wound,"$213,043","$30,678",14.4%,"$182,365",85.6%
467,Big Sonia,"$212,471","$212,471",100%,-,-
468,The Desert Bride,"$205,350","$30,110",14.7%,"$175,240",85.3%
469,Sicilian Ghost Story,"$204,892","$15,285",7.5%,"$189,607",92.5%
470,Pop Aye,"$204,464","$77,976",38.1%,"$126,488",61.9%
471,The Bad Batch,"$201,890","$180,851",89.6%,"$21,039",10.4%
472,9/11,"$200,229","$170,000",84.9%,"$30,229",15.1%
473,Ex Libris: New York Public Library,"$198,239","$158,192",79.8%,"$40,047",20.2%
474,Mom,"$195,701",-,-,"$195,701",100%
475,The Divine Order,"$195,081","$76,277",39.1%,"$118,804",60.9%
476,Past Life,"$191,678","$180,099",94%,"$11,579",6%
477,Munna Michael,"$189,105","$99,629",52.7%,"$89,476",47.3%
478,Score,"$184,025","$101,382",55.1%,"$82,643",44.9%
479,Whose Streets?,"$182,799","$182,799",100%,-,-
480,I Am Not A Witch,"$182,462","$50,868",27.9%,"$131,594",72.1%
481,Bye Bye Germany,"$176,933","$73,730",41.7%,"$103,203",58.3%
482,Better Watch Out,"$176,288","$20,369",11.6%,"$155,919",88.4%
483,Champion,"$175,232","$175,232",100%,-,-
484,Valley of Bones,"$168,738","$168,738",100%,-,-
485,Beauty and the Dogs,"$167,723","$8,915",5.3%,"$158,808",94.7%
486,The Day After,"$166,022","$24,746",14.9%,"$141,276",85.1%
487,Walking Out,"$162,445","$101,947",62.8%,"$60,498",37.2%
488,Harmonium,"$153,283","$17,191",11.2%,"$136,092",88.8%
489,Lupin the 3rd: Castle of Cagliostro 2017 Re-release,"$151,802","$142,425",93.8%,"$9,377",6.2%
490,Restless Creature: Wendy Whelan,"$147,780","$147,780",100%,-,-
491,The Last Dalai Lama?,"$145,524","$145,524",100%,-,-
492,Irving Berlin's Holiday Inn The Broadway Musical,"$144,550","$144,550",100%,-,-
493,The Bolshoi Ballet: Live From Moscow - A Hero of Our Time,"$135,168","$104,837",77.6%,"$30,331",22.4%
494,"Hare Krishna! The Mantra, the Movement and the Swami Who Started It","$133,006","$133,006",100%,-,-
495,I Called Him Morgan,"$128,986","$128,986",100%,-,-
496,The B-Side: Elsa Dorfman's Portrait Photography,"$125,227","$125,227",100%,-,-
497,Tragedy Girls,"$122,211","$61,899",50.6%,"$60,312",49.4%
498,The Levelling,"$118,451","$3,040",2.6%,"$115,411",97.4%
499,"We Love You, Sally Carmichael!","$113,435","$113,435",100%,-,-
500,Abacus: Small Enough to Jail,"$113,278","$113,278",100%,-,-
501,The Recall,"$112,357","$22,943",20.4%,"$89,414",79.6%
502,How Viktor 'The Garlic' Took Alexey 'The Stud' to the Nursing Home,"$112,071","$12,954",11.6%,"$99,117",88.4%
503,The Trouble with Terkel,"$110,289","$110,289",100%,-,-
504,The Fifth Element 2017 Re-release,"$109,786",-,-,"$109,786",100%
505,Wedding Party 2,"$109,459","$11,140",10.2%,"$98,319",89.8%
506,The Lure,"$108,846","$101,657",93.4%,"$7,189",6.6%
507,"Love, Cecil","$107,940","$106,057",98.3%,"$1,883",1.7%
508,The Bachelors,"$106,212",-,-,"$106,212",100%
509,A Ciambra,"$104,808","$41,934",40%,"$62,874",60%
510,The Gracefield Incident,"$102,256",-,-,"$102,256",100%
511,Aida's Secrets,"$98,468","$98,468",100%,-,-
512,Blind,"$98,280","$12,522",12.7%,"$85,758",87.3%
513,Tim Timmerman: Hope of America,"$97,727","$97,727",100%,-,-
514,Dina,"$96,524","$90,503",93.8%,"$6,021",6.2%
515,Keep Watching,"$94,178","$94,178",100%,-,-
516,Because of Grácia,"$90,878","$90,878",100%,-,-
517,Porto,"$90,849","$15,126",16.6%,"$75,723",83.4%
518,Night of the Living Dead,"$89,029","$89,029",100%,-,-
519,Glory,"$87,728","$18,415",21%,"$69,313",79%
520,Singularity,"$86,822","$4,176",4.8%,"$82,646",95.2%
521,School Life,"$86,616","$37,381",43.2%,"$49,235",56.8%
522,Mudbound,"$85,955",-,-,"$85,955",100%
523,Jackals,"$85,410",-,-,"$85,410",100%
524,Chapter & Verse,"$84,147","$84,147",100%,-,-
525,Harold and Lillian: A Hollywood Love Story,"$78,301","$78,301",100%,-,-
526,Bill Nye: Science Guy,"$74,909","$74,909",100%,-,-
527,Wait for Your Laugh,"$73,585","$73,585",100%,-,-
528,Vengeance: A Love Story,"$73,270","$4,526",6.2%,"$68,744",93.8%
529,Te Ata,"$73,236","$73,236",100%,-,-
530,Buster's Mal Heart,"$73,121","$73,121",100%,-,-
531,Headshot,"$73,010",-,-,"$73,010",100%
532,Turn It Around: The Story of East Bay Punk,"$69,787","$69,787",100%,-,-
533,My Entire High School Sinking Into the Sea,"$68,883","$68,883",100%,-,-
534,Alive and Kicking,"$68,485","$68,485",100%,-,-
535,Summer in the Forest,"$67,743","$45,542",67.2%,"$22,201",32.8%
536,Architects of Denial,"$65,424","$65,424",100%,-,-
537,Manolo: the Boy Who Made Shoes for Lizards,"$64,889","$60,056",92.6%,"$4,833",7.4%
538,The Tiger Hunter,"$62,398","$62,398",100%,-,-
539,Donald Cried,"$61,406","$61,406",100%,-,-
540,The Outcasts,"$61,250","$1,455",2.4%,"$59,795",97.6%
541,The Untamed,"$61,249","$27,593",45.1%,"$33,656",54.9%
542,The Sacrifice 2017 Re-release,"$61,018","$61,018",100%,-,-
543,Just One Drop,"$60,078","$60,078",100%,-,-
544,The Force,"$59,912","$59,912",100%,-,-
545,Bang! The Bert Berns Story,"$59,299","$59,299",100%,-,-
546,The Boom,"$57,962","$57,962",100%,-,-
547,Saving Brinton,"$56,218","$56,218",100%,-,-
548,False Confessions,"$56,165","$29,245",52.1%,"$26,920",47.9%
549,XX,"$55,668","$30,911",55.5%,"$24,757",44.5%
550,Naam Shabana,"$55,429",-,-,"$55,429",100%
551,Birdboy: The Forgotten Children,"$52,366","$38,786",74.1%,"$13,580",25.9%
552,Tickling Giants,"$51,499","$51,499",100%,-,-
553,Keep Quiet,"$50,451","$50,451",100%,-,-
554,Quest,"$50,022","$47,807",95.6%,"$2,215",4.4%
555,Person to Person,"$48,499","$48,499",100%,-,-
556,Saving Banksy,"$47,965","$47,965",100%,-,-
557,So B. It,"$47,627","$47,627",100%,-,-
558,78/52: Hitchcock's Shower Scene,"$46,838","$37,664",80.4%,"$9,174",19.6%
559,Panique,"$46,041","$46,041",100%,-,-
560,Maurice 2017 Re-release,"$45,926","$45,926",100%,-,-
561,The Farthest,"$44,921","$14,773",32.9%,"$30,148",67.1%
562,"Léon Morin, Priest 2017 Re-release","$44,511","$44,511",100%,-,-
563,Hermia & Helena,"$44,156","$43,152",97.7%,"$1,004",2.3%
564,Woodshock,"$43,682","$42,603",97.5%,"$1,079",2.5%
565,The Settlers,"$41,562","$41,562",100%,-,-
566,Karl Marx City,"$41,072","$41,072",100%,-,-
567,Life and Nothing More,"$40,581","$24,358",60%,"$16,223",40%
568,Belle de Jour 2017 Re-release,"$40,382","$26,331",65.2%,"$14,051",34.8%
569,Unrest,"$40,081","$40,081",100%,-,-
570,The Blackcoat's Daughter,"$38,348","$20,435",53.3%,"$17,913",46.7%
571,The Crime of Monsieur Lange,"$38,002","$36,438",95.9%,"$1,564",4.1%
572,I Am the Blues,"$37,849","$37,849",100%,-,-
573,Bending the Arc,"$36,586","$21,907",59.9%,"$14,679",40.1%
574,Brimstone & Glory,"$36,036","$32,059",89%,"$3,977",11%
575,Almost Friends,"$35,842","$1,481",4.1%,"$34,361",95.9%
576,Growing Up Smith,"$35,312","$35,312",100%,-,-
577,Rat Film,"$35,195","$35,195",100%,-,-
578,The Old Dark House,"$34,649","$25,678",74.1%,"$8,971",25.9%
579,Sophie and the Rising Sun,"$34,630","$34,630",100%,-,-
580,Le Trou,"$34,588","$34,588",100%,-,-
581,Dave Made a Maze,"$34,117","$34,117",100%,-,-
582,Below Her Mouth,"$33,673",-,-,"$33,673",100%
583,Wasted! The Story of Food Waste,"$33,211","$33,211",100%,-,-
584,Love & Taxes,"$33,150","$33,150",100%,-,-
585,Super Dark Times,"$33,109","$33,109",100%,-,-
586,Spettacolo,"$32,494","$32,494",100%,-,-
587,Signature Move,"$31,551","$31,551",100%,-,-
588,Sidemen: Long Road to Glory,"$31,399","$31,399",100%,-,-
589,7 Witches,"$31,100","$31,100",100%,-,-
590,Dealt,"$30,414","$30,414",100%,-,-
591,"Hare Krishna! The Mantra, the Movement and the Swami Who Started It 2017 Re-release","$30,380","$19,278",63.5%,"$11,102",36.5%
592,No Greater Love,"$30,247","$30,247",100%,-,-
593,Uncertain,"$29,736","$29,736",100%,-,-
594,Lemon,"$29,258","$29,258",100%,-,-
595,The Transfiguration,"$28,631","$22,091",77.2%,"$6,540",22.8%
596,Carrie Pilby,"$28,430","$18,957",66.7%,"$9,473",33.3%
597,The Strange Ones,"$28,374",-,-,"$28,374",100%
598,Ribbons,"$27,959","$27,959",100%,-,-
599,Radio Dreams,"$27,836","$27,836",100%,-,-
600,30 Years of Garbage: The Garbage Pail Kids Story,"$27,739","$27,739",100%,-,-
601,Bronx Gothic,"$27,151","$27,151",100%,-,-
602,Mali Blues,"$26,950","$26,950",100%,-,-
603,They Call us Monsters,"$26,080","$26,080",100%,-,-
604,Women Like Us,"$25,859","$25,859",100%,-,-
605,In Search of Fellini,"$25,269","$12,772",50.5%,"$12,497",49.5%
606,The Lucky Man,"$25,015","$25,015",100%,-,-
607,Ugetsu,"$24,959","$11,197",44.9%,"$13,762",55.1%
608,Naples '44,"$24,863","$24,620",99%,$243,1%
609,Marius/Fanny/César,"$24,787","$24,787",100%,-,-
610,Paradise 2017 Re-release,"$24,749","$24,749",100%,-,-
611,The Departure,"$24,662","$24,662",100%,-,-
612,Jasmine,"$24,248","$24,248",100%,-,-
613,Simple Creature,"$23,918","$23,918",100%,-,-
614,Vincent N Roxxy,"$23,896",-,-,"$23,896",100%
615,"A Woman, a Part","$23,562","$23,562",100%,-,-
616,For Ahkeem,"$23,136","$23,136",100%,-,-
617,Finding Oscar,"$23,116","$23,116",100%,-,-
618,The Grace of Jake,"$23,078","$23,078",100%,-,-
619,Trophy,"$22,553","$21,439",95.1%,"$1,114",4.9%
620,Middleground,"$22,490",-,-,"$22,490",100%
621,Realms,"$22,443",$147,0.7%,"$22,296",99.3%
622,Paradise Club,"$22,381","$22,381",100%,-,-
623,The Passion of Joan of Arc,"$21,877","$21,877",100%,-,-
624,Dead Awake,"$21,675","$11,528",53.2%,"$10,147",46.8%
625,Song Of Granite,"$21,349","$16,182",75.8%,"$5,167",24.2%
626,God Knows Where I Am,"$21,135","$21,135",100%,-,-
627,Massacre on Aisle 12,"$21,106","$21,106",100%,-,-
628,A Beginner's Guide to Snuff,"$21,031","$21,031",100%,-,-
629,Man Underground,"$20,907","$20,907",100%,-,-
630,All These Sleepless Nights,"$20,762","$20,762",100%,-,-
631,The Work,"$20,554","$5,853",28.5%,"$14,701",71.5%
632,Burden,"$20,437","$18,440",90.2%,"$1,997",9.8%
633,Koroshiya 1 2017 Re-release,"$20,285","$20,285",100%,-,-
634,The Man from Outer Space,"$20,102","$20,102",100%,-,-
635,Heat and Dust 2017 Re-release,"$19,856","$19,856",100%,-,-
636,Trafficked,"$19,698","$19,698",100%,-,-
637,BOSTON: An American Running Story 2017 Re-release,"$19,499","$19,499",100%,-,-
638,Mansfield 66/67,"$19,390","$17,930",92.5%,"$1,460",7.5%
639,That Most Important Thing: Love,"$19,120","$19,120",100%,-,-
640,Bobbi Jene,"$18,579","$18,579",100%,-,-
641,All the Rage,"$18,489","$18,489",100%,-,-
642,The Ghoul,"$18,459","$2,032",11%,"$16,427",89%
643,"Intent to Destroy: Death, Denial & Depiction 2017 Re-release","$18,340","$18,340",100%,-,-
644,SHOT! The Psycho-Spiritual Mantra of Rock,"$18,295","$15,157",82.8%,"$3,138",17.2%
645,The Last Shaman,"$17,844","$17,844",100%,-,-
646,Escapes,"$17,778","$17,778",100%,-,-
647,Sacred,"$17,740","$17,740",100%,-,-
648,Bad Grandmas,"$17,688","$17,688",100%,-,-
649,Kills On Wheels 2016 Re-release,"$17,595","$15,898",90.4%,"$1,697",9.6%
650,Food Evolution,"$17,181","$17,181",100%,-,-
651,Swim Team,"$16,783","$16,783",100%,-,-
652,The Freedom to Marry,"$16,611","$16,611",100%,-,-
653,Brave New Jersey,"$16,544","$16,544",100%,-,-
654,33 & Beyond: The Royal Art of Freemasonry,"$16,533","$16,533",100%,-,-
655,Mission Control: The Unsung Heroes of Apollo,"$16,405","$16,405",100%,-,-
656,Dying to Know: Ram Dass & Timothy Leary,"$16,397","$16,397",100%,-,-
657,This is Our Land,"$16,182","$11,567",71.5%,"$4,615",28.5%
658,All the Queen's Horses,"$16,172","$16,172",100%,-,-
659,Charged: The Eduardo Garcia Story,"$15,920","$15,920",100%,-,-
660,Defining Hope,"$15,788","$15,788",100%,-,-
661,Basmati Blues,"$15,605",-,-,"$15,605",100%
662,Contemporary Color,"$15,305","$15,305",100%,-,-
663,Rebels on Pointe,"$15,088","$15,088",100%,-,-
664,Vince Giordano: There's a Future in the Past,"$14,807","$14,807",100%,-,-
665,Sweet Virginia,"$14,725","$11,753",79.8%,"$2,972",20.2%
666,Last Men in Aleppo,"$14,637","$14,637",100%,-,-
667,Antarctica: Ice and Sky 2017 Re-release,"$14,475","$14,475",100%,-,-
668,Machines,"$14,331","$9,710",67.8%,"$4,621",32.2%
669,Time to Die,"$13,707","$13,707",100%,-,-
670,Red Trees,"$13,666","$13,666",100%,-,-
671,Shadowman,"$13,498","$13,498",100%,-,-
672,Solaris 2017 Re-release,"$13,352",-,-,"$13,352",100%
673,"Intent to Destroy: Death, Denial & Depiction","$13,194","$13,194",100%,-,-
674,The Last Rampage,"$12,944","$6,294",48.6%,"$6,650",51.4%
675,Taipei Story,"$12,897","$12,897",100%,-,-
676,Permanent,"$12,847","$12,847",100%,-,-
677,Junction 48,"$12,795","$12,795",100%,-,-
678,Heal,"$12,668","$12,668",100%,-,-
679,Seven Beauties,"$12,408","$12,408",100%,-,-
680,4 Days in France,"$12,273","$12,273",100%,-,-
681,Autumn Sonata 2017 Re-release,"$11,959",-,-,"$11,959",100%
682,Frank Serpico,"$11,925","$11,925",100%,-,-
683,The Tribes of Palos Verdes,"$11,603","$11,603",100%,-,-
684,Beside Bowie: The Mick Ronson Story,"$11,400","$11,400",100%,-,-
685,Saigon Bodyguards,"$11,314","$11,314",100%,-,-
686,The Pathological Optimist,"$11,222","$11,222",100%,-,-
687,The Challenge,"$11,043","$11,043",100%,-,-
688,Hollow in the Land,"$10,688",-,-,"$10,688",100%
689,Lovesong,"$10,626","$10,626",100%,-,-
690,Clarence,"$10,495","$10,495",100%,-,-
691,Painted Woman,"$10,298","$10,298",100%,-,-
692,Amelia 2.0,"$10,233","$10,233",100%,-,-
693,The Sunshine Makers,"$10,042","$10,042",100%,-,-
694,Pelle the Conqueror 2017 Re-release,"$9,757","$9,757",100%,-,-
695,Living Proof,"$9,512","$9,512",100%,-,-
696,Miss Kiet's Children 2017 Re-release,"$9,384","$9,384",100%,-,-
697,Thirst Street,"$9,129","$9,129",100%,-,-
698,Lycan,"$9,110","$9,110",100%,-,-
699,The Eyes,"$9,104","$9,104",100%,-,-
700,Julian Schnabel: A Private Portrait,"$9,103","$9,103",100%,-,-
701,Revolt,"$8,986",-,-,"$8,986",100%
702,Amnesia,"$8,700","$8,700",100%,-,-
703,Inspector Maigret,"$8,528","$8,528",100%,-,-
704,We Are the Flesh,"$8,438","$8,438",100%,-,-
705,Gilbert,"$8,362","$8,362",100%,-,-
706,Natasha,"$8,325","$8,325",100%,-,-
707,Mr. Chibbs,"$8,302","$8,302",100%,-,-
708,Served Like a Girl,"$8,290","$8,290",100%,-,-
709,Anatahan,"$8,171","$8,171",100%,-,-
710,From Nowhere,"$8,109","$8,109",100%,-,-
711,Swept Away,"$7,876","$7,876",100%,-,-
712,The Ballad of Lefty Brown,"$7,856","$7,856",100%,-,-
713,Maurizio Cattelan: Be Right Back,"$7,706","$7,706",100%,-,-
714,Running Shaadi,"$7,674",-,-,"$7,674",100%
715,The Wrong Light,"$7,553","$7,553",100%,-,-
716,Birthright: A War Story,"$7,519","$7,519",100%,-,-
717,Big Time,"$7,347","$7,347",100%,-,-
718,Another WolfCop,"$7,285","$7,285",100%,-,-
719,The Reagan Show,"$7,109","$5,500",77.4%,"$1,609",22.6%
720,The Jazz Funeral,"$7,103","$7,103",100%,-,-
721,The Dark Below,"$7,095","$7,095",100%,-,-
722,A Kind of Loving,"$6,912","$6,912",100%,-,-
723,Footnotes 2017 Re-release,"$6,660","$6,660",100%,-,-
724,The Persian Connection,"$6,634","$6,634",100%,-,-
725,Elizabeth Blue,"$6,542","$6,542",100%,-,-
726,Scum,"$6,461","$6,461",100%,-,-
727,The Skyjacker's Tale,"$6,253","$6,253",100%,-,-
728,In the Steps of Trisha Brown,"$6,230","$6,230",100%,-,-
729,Arise from Darkness,"$6,112","$6,112",100%,-,-
730,The Fuzz,"$6,067","$6,067",100%,-,-
731,On Wings of Eagles 2017 Re-release,"$5,975","$5,975",100%,-,-
732,Starless Dreams,"$5,937","$5,937",100%,-,-
733,La Chinoise 2017 Re-release,"$5,631","$5,631",100%,-,-
734,Icaros: A Vision,"$5,510","$5,510",100%,-,-
735,The Man from Earth: Holocene,"$5,472","$5,472",100%,-,-
736,It's Not Yet Dark,"$5,269","$1,227",23.3%,"$4,042",76.7%
737,Bad Lucky Goat,"$5,088","$5,088",100%,-,-
738,2307: Winter's Dream,"$5,078",-,-,"$5,078",100%
739,Tournament,"$4,942","$4,942",100%,-,-
740,Company Town,"$4,934","$4,934",100%,-,-
741,Shot,"$4,701","$4,701",100%,-,-
742,Night School,"$4,663","$4,663",100%,-,-
743,I Love You Both,"$4,661","$4,661",100%,-,-
744,Shakespeare-Wallah,"$4,650","$4,650",100%,-,-
745,A Boy Called Po,"$4,550","$4,550",100%,-,-
746,The Pulitzer at 100,"$4,489","$4,489",100%,-,-
747,German Concentration Camps Factual Survey,"$4,468","$4,468",100%,-,-
748,Generation Iron 2,"$4,439","$4,439",100%,-,-
749,30-LOVE,"$4,392","$4,392",100%,-,-
750,The Woman Who Left,"$4,373","$3,974",90.9%,$399,9.1%
751,My Father Die,"$4,252","$4,252",100%,-,-
752,Badsville,"$4,153","$4,153",100%,-,-
753,Emily,"$3,982","$3,982",100%,-,-
754,Dream Boat,"$3,981","$3,981",100%,-,-
755,The Gender Card Flip,"$3,774","$3,774",100%,-,-
756,Bugs,"$3,742","$3,742",100%,-,-
757,The Beautiful Troublemaker 2017 Re-release,"$3,540","$3,540",100%,-,-
758,Who's Crazy?,"$3,497","$3,497",100%,-,-
759,"Love, Sweat and Tears","$3,482","$3,482",100%,-,-
760,Speed Sisters,"$3,423","$3,423",100%,-,-
761,Amanda & Jack Go Glamping,"$3,352","$3,352",100%,-,-
762,Bad Match,"$3,351","$3,351",100%,-,-
763,Justice,"$3,259","$3,259",100%,-,-
764,Kepler's Dream,"$2,923","$2,923",100%,-,-
765,Demons,"$2,900","$2,900",100%,-,-
766,I Dream in Another Language,"$2,739","$2,739",100%,-,-
767,Santoalla,"$2,684","$2,684",100%,-,-
768,Daughter of the Nile,"$2,640","$2,640",100%,-,-
769,Take Me,"$2,583","$2,583",100%,-,-
770,Miles,"$2,537","$2,537",100%,-,-
771,Red Christmas,"$2,255","$2,255",100%,-,-
772,7 from Etheria,"$2,208","$2,208",100%,-,-
773,Dayveon,"$2,077","$2,077",100%,-,-
774,"Accidental Courtesy: Daryl Davis, Race & America","$1,940","$1,940",100%,-,-
775,Detour,"$1,788","$1,788",100%,-,-
776,The Forest for the Trees,"$1,410","$1,410",100%,-,-
777,A Different American Dream,"$1,172","$1,172",100%,-,-
778,The Penguin Counters,$976,$976,100%,-,-
779,Extraordinary Ordinary People,$880,$880,100%,-,-
780,Antiporno,$294,-,-,$294,100%
781,Wet Woman in the Wind,$268,-,-,$268,100%
